ZTF19acazbqm,0.0,18.62180756067416,37.04938818876405,475.71152658471055,4.048695386118781,716.3399090188443,4.839795562290389,0
ZTF19acazbqm,0.9870023000985384,18.62180756067416,37.04938818876405,475.71152658471055,4.048695386118781,768.2857895290917,4.911285501359996,0
ZTF19acazbqm,1.0238657998852432,18.62180756067416,37.04938818876405,475.71152658471055,4.048695386118781,783.3950515467216,4.959423635926898,0
ZTF19acazbqm,2.003275499679148,18.62180756067416,37.04938818876405,482.9319359894686,4.2113575653735795,815.1024091849158,5.009836234397803,0
ZTF19acazbqm,2.0743982000276446,18.62180756067416,37.04938818876405,535.254718793379,4.2683732291144505,822.6411602206928,5.149135881171316,0
ZTF19acazbqm,2.987615799997002,18.62180756067416,37.04938818876405,535.599131561418,4.500941554937833,843.7713182437636,5.5045741205638565,0
ZTF19acazbqm,2.992349599953741,18.62180756067416,37.04938818876405,543.550759722058,4.494932799982021,838.8386205971962,5.863232855483743,0
ZTF19acazbqm,3.0338773000985384,18.62180756067416,37.04938818876405,544.5547851422324,4.5920577833905245,856.933901514591,5.883063830604826,0
ZTF19acazbqm,3.0348032996989787,18.62180756067416,37.04938818876405,562.3893274512185,4.4148319040521775,900.6870150202075,5.8912571937377765,0
ZTF19acazbqm,4.012534799985588,18.62180756067416,37.04938818876405,593.1040291470641,4.8305215118899865,902.8741421708293,5.913974637803305,0
ZTF19acazbqm,6.031354200094938,18.62180756067416,37.04938818876405,563.6471024752658,4.523542407430324,926.0012983493997,5.708502546073473,0
ZTF19acazbqm,6.032268600072712,18.62180756067416,37.04938818876405,577.1235779605507,4.462292205036158,911.3478583893943,5.671754891528229,0
ZTF19acazbqm,6.053935199975967,18.62180756067416,37.04938818876405,615.6749010400671,4.840287257165408,921.2740029873928,6.131757594707659,0
ZTF19acazbqm,6.05487270001322,18.62180756067416,37.04938818876405,626.488369991613,4.680924576654719,925.3577693996391,6.2741117620026685,0
ZTF19acazbqm,6.799988499842584,18.62180756067416,37.04938818876405,627.9077730981908,5.007670150351182,932.5823073263175,7.4286943942906305,0
ZTF19acazbqm,6.832870400045067,18.62180756067416,37.04938818876405,631.4844198657988,6.647099848870781,946.5669120055711,7.45759745754885,0
ZTF19acazbqm,7.800185199826956,18.62180756067416,37.04938818876405,646.5378736205067,6.669761911386166,950.9079005319359,7.622300297095398,0
ZTF19acazbqm,7.833668999839574,18.62180756067416,37.04938818876405,651.4824952776297,6.853283460458845,925.8835114434933,8.928701355904254,0
ZTF19acazbqm,8.799918999895453,18.62180756067416,37.04938818876405,618.3349806967856,7.622897421799088,920.0490557465469,10.899429593394997,0
ZTF19acazbqm,8.832222299650311,18.62180756067416,37.04938818876405,609.9131158979818,8.476818217986839,918.2749835739511,14.158774105710734,0
ZTF19acazbqm,9.800115799997002,18.62180756067416,37.04938818876405,606.8677674510359,17.842246197300565,916.3334565265577,14.768932004864274,0
ZTF19acazbqm,9.82972229970619,18.62180756067416,37.04938818876405,587.7226891417049,18.01449647875183,918.9587364764323,14.633155392547813,0
ZTF19acazbqm,10.800324100069702,18.62180756067416,37.04938818876405,587.2658832738166,16.06131287838692,920.6512958649631,12.507535691710384,0
ZTF19acazbqm,10.830312499776483,18.62180756067416,37.04938818876405,586.4395801892289,11.034634606359479,918.6042849991645,12.78239660551783,0
ZTF19acazbqm,11.799872699659318,18.62180756067416,37.04938818876405,575.0209592791815,11.796940250252906,912.6509617868584,14.070029970604152,0
ZTF19acazbqm,11.830243099946529,18.62180756067416,37.04938818876405,565.0272151903065,12.299975269694478,892.0184304189476,15.114937205452126,0
ZTF19acazbqm,12.800949099939317,18.62180756067416,37.04938818876405,559.8222484759517,15.002396294531241,889.8845545277712,15.16570826910061,0
ZTF19acazbqm,12.830300999805331,18.62180756067416,37.04938818876405,552.7156690302854,15.125041691815166,867.5684999426763,14.710080063507574,0
ZTF19acazbqm,13.800914399791509,18.62180756067416,37.04938818876405,527.1353174063211,13.883253584597677,846.5031392496255,14.616775955191526,0
ZTF19acazbqm,13.83053239993751,18.62180756067416,37.04938818876405,509.41407516211456,13.739261786121265,839.9492480711235,11.326646756442614,0
ZTF19acazbqm,14.80111109977588,18.62180756067416,37.04938818876405,514.2301757129741,12.912617477144726,802.6280201690819,10.024392188975373,0
ZTF19acazbqm,14.830879699904472,18.62180756067416,37.04938818876405,516.7540674756397,10.336775432633639,798.3977111174033,8.762032531622877,0
ZTF19acazbqm,15.801018599886447,18.62180756067416,37.04938818876405,486.3462259495515,6.4909913342285055,796.2308213060859,7.515681136880077,0
ZTF19acazbqm,16.801319499965757,18.62180756067416,37.04938818876405,502.86321407780196,8.873027681429516,739.8191670377388,6.656070954289864,0
ZTF19acazbqm,16.829432900063694,18.62180756067416,37.04938818876405,446.59004929927784,5.42888611023427,740.2654318257984,6.340009968298421,0
ZTF19acazbqm,17.801041699945927,18.62180756067416,37.04938818876405,450.06006186196737,5.185860313267869,743.2202800257322,5.487017062484437,0
ZTF19acazbqm,17.82953709969297,18.62180756067416,37.04938818876405,451.55050016024427,4.239435765628641,733.1699003661709,5.592685071996979,0
ZTF19acazbqm,18.800833399873227,18.62180756067416,37.04938818876405,417.66951412677656,4.3862686848787185,711.3112059008233,5.680759192671648,0
ZTF19acazbqm,18.828761599957943,18.62180756067416,37.04938818876405,413.7729921940798,4.467457612897513,705.2017453158851,6.433661822316144,0
ZTF19acazbqm,19.801238500047475,18.62180756067416,37.04938818876405,393.44089824986,4.457747168487353,688.7107798667682,6.588492969468425,0
ZTF19acazbqm,19.829212999902666,18.62180756067416,37.04938818876405,390.32867236612987,4.456748099126146,701.0296766436317,5.8903611434615035,0
ZTF19acazbqm,20.801435200031847,18.62180756067416,37.04938818876405,385.87750490996456,4.325096565652908,704.6276885104616,5.21862051871445,0
ZTF19acazbqm,20.829398199915886,18.62180756067416,37.04938818876405,365.66791177599686,4.249224891789573,686.7764767945469,7.40905690342984,0
ZTF19acazbqm,21.829224599990994,18.62180756067416,37.04938818876405,353.01921828168247,3.908157089334373,664.2792900112407,6.905285303913065,0
ZTF19acazbqm,23.801134299952537,18.62180756067416,37.04938818876405,335.2174745966316,3.970491207714115,659.105436931554,8.146387915649377,0
ZTF19acazbqm,23.82916669966653,18.62180756067416,37.04938818876405,318.123939000669,4.878340951780911,698.272638816574,8.038558379518998,0
ZTF19acazbqm,24.80024309968576,18.62180756067416,37.04938818876405,316.02738392986873,4.688560575706142,704.9080373967386,5.3890054275871035,0
ZTF19acazbqm,24.827986099757254,18.62180756067416,37.04938818876405,311.3713553605675,4.620658169885228,676.8648589267489,5.377620497500196,0
ZTF19acazbqm,25.80145839974284,18.62180756067416,37.04938818876405,306.4555549526488,4.479299247785908,668.5911395915945,5.24940183901137,0
ZTF19acazbqm,25.829525500070304,18.62180756067416,37.04938818876405,297.02299181242256,3.8132151446035207,680.1887120027592,5.282130943984757,0
ZTF19acazbqm,27.8010879997164,18.62180756067416,37.04938818876405,279.37283628205887,3.7111307280533867,684.696387442013,5.451698070513175,0
ZTF19acazbqm,27.829224599990994,18.62180756067416,37.04938818876405,274.1333188827265,3.706752240529014,674.5494452355878,5.8285051901706515,0
ZTF19acazbqm,28.807986099738628,18.62180756067416,37.04938818876405,278.89748500100944,3.661153365868403,667.2664343484714,6.255297807035727,0
ZTF19acazbqm,28.83619219996035,18.62180756067416,37.04938818876405,279.37671357131745,3.6349148252514865,659.7590197647032,6.588302751659609,0
ZTF19acazbqm,29.800347299780697,18.62180756067416,37.04938818876405,278.5711007530385,3.655985980534407,644.4223990922031,6.711367915288333,0
ZTF19acazbqm,29.828518599737436,18.62180756067416,37.04938818876405,262.4899372134318,4.143445533122345,644.4134137469359,6.47749927130122,0
ZTF19acazbqm,30.801250000018626,18.62180756067416,37.04938818876405,260.3126174246549,4.118467872471015,639.2846312537206,6.21049031753269,0
ZTF19acazbqm,30.82944449968636,18.62180756067416,37.04938818876405,252.430705794226,4.029624120838737,636.175657347688,5.956493158700408,0
ZTF19acazbqm,31.801631999667734,18.62180756067416,37.04938818876405,254.03573875675542,4.031335976444273,623.9993627073095,5.5570458725366905,0
ZTF19acazbqm,31.82984959986061,18.62180756067416,37.04938818876405,256.731995138834,4.031920974026554,622.1815078831067,5.865082706696463,0
ZTF19acazbqm,31.92958340002224,18.62180756067416,37.04938818876405,256.566287226587,4.122522288835231,616.6077525978528,6.283546207932341,0
ZTF19acazbqm,32.03960649995133,18.62180756067416,37.04938818876405,256.48758614867717,4.591091782387933,619.5338669909718,5.813584584223322,0
ZTF19acazbqm,32.85722230002284,18.62180756067416,37.04938818876405,249.81143958851172,4.579964321383524,620.7380216750903,5.141126374319732,0
ZTF19acazbqm,33.928368099965155,18.62180756067416,37.04938818876405,249.10095728015557,3.5710677518653733,611.5534346945112,5.04145095195691,0
ZTF19acazbqm,34.01274310005829,18.62180756067416,37.04938818876405,252.2525183185224,3.608042870399729,607.4001484546783,4.8323800112253705,0
ZTF19acazbqm,34.8364351997152,18.62180756067416,37.04938818876405,251.08826155506048,3.655855363229927,586.1335546651833,5.367262296041308,0
ZTF19acazbqm,34.853726899717,18.62180756067416,37.04938818876405,251.27107963826302,4.387857802100873,595.9555036741721,5.490649205332559,0
ZTF19acazbqm,35.790428299922496,18.62180756067416,37.04938818876405,250.13335371418265,4.661594423736025,586.205778035261,6.003210553114298,0
ZTF19acazbqm,35.8518518996425,18.62180756067416,37.04938818876405,255.96860752756854,4.966237701118172,584.7502787386771,5.4516245003621355,0
ZTF19acazbqm,35.87158569972962,18.62180756067416,37.04938818876405,248.92865167791697,4.3900339733587845,579.1093588332903,5.407611466130783,0
ZTF19acazbqm,36.968958399724215,18.62180756067416,37.04938818876405,247.90084555996103,5.88420011954312,569.6404224633857,5.257913121287131,0
ZTF19acazbqm,37.86165509978309,18.62180756067416,37.04938818876405,244.71758082792158,6.183414337364003,545.6197287324221,5.3397797454291815,0
ZTF19acazbqm,37.982175999786705,18.62180756067416,37.04938818876405,245.00934338065773,7.387302542214465,543.3975783128619,5.5485277477117245,0
ZTF19acazbqm,38.79077549977228,18.62180756067416,37.04938818876405,245.32292021490636,8.495227535470422,534.4027105705462,7.6531903040270555,0
ZTF19acazbqm,39.89223379967734,18.62180756067416,37.04938818876405,247.03036835790337,9.019098683988462,534.665780135764,7.981071928236178,0
ZTF19acazbqm,39.984814799856395,18.62180756067416,37.04938818876405,245.11526389602398,9.538736360558943,535.4800166860045,8.815563285647244,0
ZTF19acazbqm,40.853055600076914,18.62180756067416,37.04938818876405,244.0511266249854,9.643670107253413,531.5001539105775,9.611949930446762,0
ZTF19acazbqm,40.90056720003486,18.62180756067416,37.04938818876405,232.18266628957764,9.371233266187215,530.9510658099548,10.486719908635965,0
ZTF19acazbqm,41.97259259968996,18.62180756067416,37.04938818876405,231.74789365487896,9.61951342858842,526.5022600398586,13.054509873222775,0
ZTF19acazbqm,42.85978009970859,18.62180756067416,37.04938818876405,210.69525874430735,8.938034536222288,526.6711510892303,12.847932447226679,0
ZTF19acazbqm,42.963379699736834,18.62180756067416,37.04938818876405,223.11437961218056,8.819645955475579,527.5778305571857,9.31033486519279,0
ZTF19acazbqm,42.97109959973022,18.62180756067416,37.04938818876405,225.74834630631835,8.812804560743183,530.1169031406001,8.357800043045739,0
ZTF19acazbqm,43.87005789997056,18.62180756067416,37.04938818876405,238.92999457387907,8.565046658787889,523.0022205223261,8.463018619715399,0
ZTF19acazbqm,43.88590279966593,18.62180756067416,37.04938818876405,247.5152484067105,9.860582776279138,519.6665569925808,10.216013832163025,0
ZTF19acazbqm,43.93873849976808,18.62180756067416,37.04938818876405,246.45938777531904,5.356525634008931,517.1961588050618,10.797240183181804,0
ZTF19acazbqm,43.970613500103354,18.62180756067416,37.04938818876405,233.91878364339257,6.308325505157811,522.6242012546184,8.616802782430325,0
ZTF19acazbqm,44.848784799687564,18.62180756067416,37.04938818876405,233.67668311496524,4.885088405231142,519.1667827506193,8.62706603266066,0
ZTF19acazbqm,44.877152800094336,18.62180756067416,37.04938818876405,235.17793622085966,5.501860124017265,520.8268906565477,8.617046930294743,0
ZTF19acazbqm,45.858564799651504,18.62180756067416,37.04938818876405,231.7514388351047,4.723019593888975,520.2375266147313,8.635002967565264,0
ZTF19acazbqm,45.92658569989726,18.62180756067416,37.04938818876405,231.9115312446495,3.788925105619654,516.5505071425385,8.65017349290653,0
ZTF19acazbqm,45.94608799973503,18.62180756067416,37.04938818876405,231.76535561590686,4.04108199589873,517.3790765846232,5.546863691648716,0
ZTF19acazbqm,46.88938659988344,18.62180756067416,37.04938818876405,231.94849925098163,4.295008046851345,499.9783486978706,7.045272134938718,0
ZTF19acazbqm,47.891157399863005,18.62180756067416,37.04938818876405,232.02927503818526,4.321572207723171,504.51993961995,4.855810787831378,0
ZTF19acazbqm,48.867418999783695,18.62180756067416,37.04938818876405,232.17796537370157,2.9130673920297765,505.8829327687638,4.642847054183831,0
ZTF19acazbqm,48.88194449990988,18.62180756067416,37.04938818876405,228.45993848505648,3.3341105942668614,506.6887890168763,3.9175329941903723,0
ZTF19acazbqm,53.81952549982816,18.62180756067416,37.04938818876405,230.52634424291045,3.0893103134524837,495.94653384204537,4.921746225006644,0
ZTF19acazbqm,53.89310189988464,18.62180756067416,37.04938818876405,227.12223669781062,3.4343943530175403,494.7305656414185,4.116862596545646,0
ZTF19acazbqm,54.82098379964009,18.62180756067416,37.04938818876405,219.70584867875928,2.5555535164990957,493.7614876304623,3.7808065850049397,0
ZTF19acazbqm,54.8524885000661,18.62180756067416,37.04938818876405,226.63903975359688,3.623876747438952,492.3885368315337,3.7181305043355786,0
ZTF19acazbqm,54.86236110003665,18.62180756067416,37.04938818876405,224.3661868287185,2.6807645325801417,482.74449994838426,3.8838223671256538,0
ZTF19acazbqm,55.84283569967374,18.62180756067416,37.04938818876405,228.04216206461612,4.221230167055097,482.8774655856033,5.649791287874717,0
ZTF19acazbqm,55.843287100084126,18.62180756067416,37.04938818876405,225.1900977330717,4.139432714751465,483.2088747414154,5.840224872262115,0
ZTF19acazbqm,56.90434029977769,18.62180756067416,37.04938818876405,216.2188623108696,5.864936659428137,482.82326194965367,5.561825389970524,0
ZTF19acazbqm,61.781956099905074,18.62180756067416,37.04938818876405,218.5641257271509,4.1489208716834005,483.6525792881989,6.3662888319133755,0
ZTF19acazbqm,61.81976859970018,18.62180756067416,37.04938818876405,222.40612012367768,5.7956556521149585,485.02313946051027,4.436656713738691,0
ZTF19acazbqm,61.88069449970499,18.62180756067416,37.04938818876405,222.8759728124055,3.1893882576017023,483.0563969582141,8.067859757906612,0
ZTF19acazbqm,69.90826389985159,18.62180756067416,37.04938818876405,220.61842385517983,11.410307347843876,474.60440304698375,10.315042964562814,0
ZTF19acazbqm,70.7865393999964,18.62180756067416,37.04938818876405,219.28167954715013,13.613819433825503,469.2710536270604,17.10955026044911,0
ZTF19acazbqm,70.87679399969056,18.62180756067416,37.04938818876405,220.6633523005796,12.32753438682488,450.284269002503,17.806328456926032,0
ZTF19acazbqm,71.77390050003305,18.62180756067416,37.04938818876405,220.82420403206018,9.599409524829667,456.0837206863593,11.435360092569727,0
ZTF19acazbqm,72.84371529985219,18.62180756067416,37.04938818876405,217.78894567152594,6.833533215931555,453.17138861635425,12.792070540834068,0
ZTF19acazbqm,72.90254630008712,18.62180756067416,37.04938818876405,219.49779710667346,5.853679325845421,457.5888407791135,5.877905536486813,0
ZTF19acazbqm,72.94840279966593,18.62180756067416,37.04938818876405,218.17571458583498,6.817326101135631,464.19468427893463,6.778922135991315,0
ZTF19acazbqm,73.76413200004026,18.62180756067416,37.04938818876405,225.1247807532586,6.702146720295676,463.8914505036611,4.532867575994824,0
ZTF19acazbqm,73.78693290008232,18.62180756067416,37.04938818876405,228.0814686108382,5.049577945928873,456.0369124700004,4.306858496045477,0
ZTF19acazbqm,73.86592599982396,18.62180756067416,37.04938818876405,219.94265412234088,6.10373096318,455.68378765097674,4.422204815127418,0
ZTF19acazbqm,75.7679397999309,18.62180756067416,37.04938818876405,220.24269820183756,4.073495620420466,453.6071445967709,4.166294480477001,0
ZTF19acazbqm,75.80725699989125,18.62180756067416,37.04938818876405,223.47642672805398,3.2893447477895794,459.6970283021912,5.963497703182698,0
ZTF19acazbqm,75.95714120008051,18.62180756067416,37.04938818876405,223.89061857707688,3.0746217088891403,460.1657188941091,11.232466473694604,0
ZTF19acazbqm,78.76738430000842,18.62180756067416,37.04938818876405,224.3628170569582,3.2524512427957015,449.3888811378853,4.476292251383129,0
ZTF19acazbqm,78.80745369987562,18.62180756067416,37.04938818876405,224.663398467887,3.0105301971877676,452.8338901900338,3.5900422853981033,0
ZTF19acazbqm,79.74787040008232,18.62180756067416,37.04938818876405,213.50003699484571,3.022792448484492,453.3475206077903,3.5345266560547177,0
ZTF19acazbqm,79.80913199996576,18.62180756067416,37.04938818876405,212.21580528799294,3.0247229831391382,452.93089974292843,3.8717693098937196,0
ZTF19acazbqm,88.80837969994172,18.62180756067416,37.04938818876405,214.6467850876753,2.775214984899958,452.87464310121993,4.046528712861725,0
ZTF19acazbqm,91.74390049977228,18.62180756067416,37.04938818876405,215.05613175664212,2.9835390760699267,451.43323280985794,4.365753136096869,0
ZTF19acazbqm,91.7576620997861,18.62180756067416,37.04938818876405,217.7066295465426,2.613700927894931,447.2552954169811,3.554428559320438,0
ZTF19acazbqm,91.7726272996515,18.62180756067416,37.04938818876405,218.54375990148665,2.6119222895604373,450.0919621312355,3.4764722733336373,0
ZTF19acazbqm,91.81793979974464,18.62180756067416,37.04938818876405,218.65873134343303,3.1505565863530016,444.29344457846435,3.2026851564192977,0
ZTF19acazbqm,92.82784730009735,18.62180756067416,37.04938818876405,220.64626973410648,4.361522050583808,443.8306800684502,3.460734961260434,0
ZTF19acazbqm,93.79902780009434,18.62180756067416,37.04938818876405,217.54057672373852,10.087381997405544,444.05533104784706,3.841490972084137,0
ZTF19acazbqm,94.7676967997104,18.62180756067416,37.04938818876405,210.180916417574,5.082149353579424,443.6643068011047,4.084943357265155,0
ZTF19acazbqm,94.83071759995073,18.62180756067416,37.04938818876405,216.75873679774074,6.914224129085423,443.50037300769543,4.1176135083242995,0
ZTF19acazbqm,95.84922460000962,18.62180756067416,37.04938818876405,212.4156622243187,5.9642817280443685,424.63819254778446,12.681074920230476,0
ZTF19acazbqm,96.80164359975606,18.62180756067416,37.04938818876405,214.68971939159087,6.961348099664209,458.8710003268802,9.495613939602393,0
ZTF19acazbqm,97.82206019992009,18.62180756067416,37.04938818876405,217.43053182705128,7.110954844111732,456.28488868501654,8.44885214373736,0
ZTF19acazbqm,97.87057869974524,18.62180756067416,37.04938818876405,215.84108866540942,7.09409806133658,446.17760211563456,8.419282447979997,0
ZTF19acazbqm,98.82756950007752,18.62180756067416,37.04938818876405,214.73363782441743,6.851949421141907,440.58279521712046,5.4977599320766934,0
ZTF19acazbqm,101.76543979998678,18.62180756067416,37.04938818876405,214.2934506558428,6.794716257501183,442.8095951783222,6.084438701046404,0
ZTF19acazbqm,101.82998850010335,18.62180756067416,37.04938818876405,215.50285413661032,3.2450364476055924,445.0894892322007,6.404870515319413,0
ZTF19acazbqm,101.88781249988824,18.62180756067416,37.04938818876405,214.7224090897598,5.4579913956486275,448.14925870146527,7.5137110060842565,0
ZTF19acazbqm,102.81846070010215,18.62180756067416,37.04938818876405,215.29641924126926,3.9579865064569697,443.9727002758354,6.610872596010299,0
ZTF19acazbqm,103.84688659990206,18.62180756067416,37.04938818876405,214.80141335873847,3.397232590328955,439.8508202770359,6.256344281028877,0
ZTF19acazbqm,104.7796990997158,18.62180756067416,37.04938818876405,215.9114903602234,2.45423297371568,439.5751672130136,5.9489851714700315,0
ZTF19acazbqm,106.7757754996419,18.62180756067416,37.04938818876405,217.00600241275143,2.5993910191550262,439.760063721929,4.504472763361131,0
ZTF19acazbqm,113.77086809976026,18.62180756067416,37.04938818876405,217.22381083638368,3.2981874534108577,439.2513791480064,3.1985829126926273,0
ZTF19acazbqm,113.82427089987323,18.62180756067416,37.04938818876405,219.86967373386605,4.146571896991271,437.8677302840769,3.253855873669546,0
ZTF19acazbqm,116.78202549973503,18.62180756067416,37.04938818876405,219.7541915027886,4.0313316452435375,431.21221807576563,3.336334195085254,0
ZTF19acazbqm,116.82618060009554,18.62180756067416,37.04938818876405,205.9642160002446,3.907629929102732,431.5312264193676,6.005829681795873,0
ZTF19acazbqm,119.8479629997164,18.62180756067416,37.04938818876405,212.8908929334359,4.4224692198044835,431.6056705174586,6.018824101164851,0
ZTF19acazbqm,122.77958339964971,18.62180756067416,37.04938818876405,211.48786813957508,3.8526665835103158,434.1599532202314,3.4901320422588853,0
ZTF19acazbqm,122.82535879965872,18.62180756067416,37.04938818876405,211.7649878625799,4.036911044500413,435.8094543429364,6.077785571209806,0
ZTF19acazbqm,123.76697919983417,18.62180756067416,37.04938818876405,211.6381690370598,4.80778335599788,439.4785696512017,5.482022118765019,0
ZTF19acazbqm,124.76686349976808,18.62180756067416,37.04938818876405,211.80438829380623,6.205272717661851,434.5114751096077,9.187571506391066,0
ZTF19acazbqm,126.76877319999039,18.62180756067416,37.04938818876405,208.14050964708156,9.958145795746232,434.8368421022835,6.346935042277984,0
ZTF19acazbqm,126.80708339996636,18.62180756067416,37.04938818876405,209.2287952695285,9.993017001816817,434.4074562181558,10.930897260232152,0
ZTF19acazbqm,129.77903939969838,18.62180756067416,37.04938818876405,212.1490568452943,10.353764893532812,441.31709912044886,5.259522037192436,0
ZTF19acazbqm,129.86026619980112,18.62180756067416,37.04938818876405,213.10349015118533,10.977711319360854,440.67695177208634,5.045083856728634,0
ZTF19acazbqm,133.7841550996527,18.62180756067416,37.04938818876405,216.76624922270022,5.2316377806701455,440.3396807178523,5.005559259555193,0
ZTF19acazbqm,133.82125000003725,18.62180756067416,37.04938818876405,216.80276876912563,5.153287995777937,432.60521021849894,4.361922053198192,0
ZTF19acazbqm,136.80268519977108,18.62180756067416,37.04938818876405,215.82629739208994,4.984130866564683,431.7502139268886,4.2513782550093175,0
ZTF19acazbqm,136.82884259987622,18.62180756067416,37.04938818876405,211.41194171376338,4.226022154090542,434.7518376298745,6.286435382058139,0
ZTF19acazbqm,147.78596069989726,18.62180756067416,37.04938818876405,211.95823035749572,6.717790692501392,439.0570943782402,9.005682753593494,0
ZTF19acazbqm,147.8004167000763,18.62180756067416,37.04938818876405,220.1452515245431,8.42294217426397,433.5074910410077,6.4680129287370045,0
ZTF19acazbqm,155.8017360996455,18.62180756067416,37.04938818876405,219.69612997755127,16.10986476014557,435.881792219483,4.95126887691362,0
ZTF19acazbqm,267.1362499999814,18.62180756067416,37.04938818876405,202.5075482210562,9.304354182012572,431.0967374306647,4.055857311272723,0
ZTF19acazbqm,273.046655099839,18.62180756067416,37.04938818876405,201.36695413381557,5.41554409748216,429.61485660673236,4.072945913141622,0
ZTF19acazbqm,273.1365161999129,18.62180756067416,37.04938818876405,203.17801561787667,7.15689017587111,427.2165370761707,4.082529333616266,0
ZTF19acazbqm,276.02962969988585,18.62180756067416,37.04938818876405,202.42716978295573,6.767525133617463,422.23444456997356,12.32701993004698,0
ZTF19acazbqm,279.1382407997735,18.62180756067416,37.04938818876405,203.77712901473035,7.242550485144417,432.7087866504216,5.555672759509817,0
ZTF19acazbqm,282.0295254997909,18.62180756067416,37.04938818876405,205.17682216946648,8.598242072011068,425.7109ZTF20aawgrcu,239.72224530018866,310.65092602734376,76.78176430078125,58.84081475344665,6.1663462304301335,121.0821098878138,6.8202940021273974,1
ZTF20aawgrcu,239.74555550003424,310.65092602734376,76.78176430078125,59.62942716209532,5.101653237491124,121.28560947925207,6.4434345437973395,1
ZTF20aawgrcu,298.1412730999291,310.65092602734376,76.78176430078125,63.18707574706586,4.656810780746278,116.49573149147321,7.764190821506677,1
ZTF20aawgrcu,301.1139004002325,310.65092602734376,76.78176430078125,60.43080778304749,4.769563736602366,108.8868338620457,8.396698555625356,1
ZTF20aawgrcu,306.11321175005287,310.65092602734376,76.78176430078125,62.311781758029944,11.179325621716497,103.23021385792951,10.378197674985863,1
ZTF20aawgrcu,310.11223950004205,310.65092602734376,76.78176430078125,41.765413669814166,15.460339427767547,114.60706050721872,13.141475774573001,1
ZTF20aawgrcu,312.10979739995673,310.65092602734376,76.78176430078125,61.35968579095849,7.729462990223721,108.01284046018861,6.204396485293702,1
ZTF20aawgrcu,318.1191782001406,310.65092602734376,76.78176430078125,60.34829351923341,5.480922459396938,113.9702920483294,3.5865451257607837,1
ZTF20aawgrcu,328.06893515004776,310.65092602734376,76.78176430078125,55.01719825142334,4.316466079002795,117.48100521837308,3.196785115162187,1
ZTF20aawgrcu,331.0981133999303,310.65092602734376,76.78176430078125,55.34235330024281,5.755077113367355,110.41463911965792,4.657092177736749,1
ZTF20aawgrcu,333.04554395005107,310.65092602734376,76.78176430078125,57.81623026924862,8.919023267416536,108.19240274183458,8.355360037253417,1
ZTF20aawgrcu,337.01682869996876,310.65092602734376,76.78176430078125,54.32651910787857,10.547371361261492,116.66596396554966,11.171499212999128,1
ZTF20aawgrcu,337.09423610009253,310.65092602734376,76.78176430078125,45.225467073587744,10.974737993252777,115.50523583289733,9.400467310733664,1
ZTF20aawgrcu,339.03355899988674,310.65092602734376,76.78176430078125,40.162605727771755,11.784936985092127,113.95699941292612,7.676694697933464,1
ZTF20aawgrcu,342.06329854996875,310.65092602734376,76.78176430078125,58.02316364471541,5.145614190280415,101.50257888284683,4.08754261019529,1
ZTF20aawgrcu,343.9914814000949,310.65092602734376,76.78176430078125,58.20810504494274,4.569000778603154,113.96380008152714,4.018326244877894,1
ZTF20aawgrcu,344.0920254001394,310.65092602734376,76.78176430078125,58.45844641193427,4.562888545781399,114.59590462470625,4.012306374506905,1
ZTF20aawgrcu,346.04115740023553,310.65092602734376,76.78176430078125,58.77756743331373,3.224204883555706,110.98988894627468,4.231298506899473,1
ZTF20aawgrcu,348.0149478998501,310.65092602734376,76.78176430078125,62.31522162205976,3.7731435634209,108.38058418112156,4.56933183647792,1
ZTF20aawgrcu,350.0441029497888,310.65092602734376,76.78176430078125,50.78396073896081,4.139479863753862,111.4271337719964,3.493800956074187,1
ZTF20aawgrcu,351.9905844500754,310.65092602734376,76.78176430078125,54.969561397639936,2.624807810829349,115.47339761958992,2.700300144180566,1
ZTF20aawgrcu,355.05614579981193,310.65092602734376,76.78176430078125,62.0128642718739,4.119757505680827,115.52276156616436,3.1457088200608037,1
ZTF20aawgrcu,358.0568518000655,310.65092602734376,76.78176430078125,55.06796538986138,4.382032626874516,117.12989617939313,4.012617257495861,1
ZTF20aawgrcu,359.9497106000781,310.65092602734376,76.78176430078125,51.725820647681275,8.208537582606098,116.64766253244058,4.481936755706369,1
ZTF20aawgrcu,363.98072914988734,310.65092602734376,76.78176430078125,45.5335848178335,9.38816200860795,115.95545599805514,5.435234645794142,1
ZTF20aawgrcu,370.0325289000757,310.65092602734376,76.78176430078125,55.4169474509769,6.269163247024293,119.16224730184453,4.410884893750012,1
ZTF20aawgrcu,372.0637094001286,310.65092602734376,76.78176430078125,49.456246303726616,5.9021117203673095,112.70886631216645,4.0893899465492405,1
ZTF20aawgrcu,375.04662030003965,310.65092602734376,76.78176430078125,56.04914615950067,2.759298949756626,106.48175792656787,3.1463175331371636,1
ZTF20aawgrcu,376.951273099985,310.65092602734376,76.78176430078125,58.16125571879954,1.0980773447128915,106.91641208066589,2.979852863431258,1
ZTF20aawgrcu,377.0352083002217,310.65092602734376,76.78176430078125,53.89905342318068,1.9488428983473522,110.34572940999574,2.9593947271998835,1
ZTF20aawgrcu,378.9660763000138,310.65092602734376,76.78176430078125,55.76789533098494,2.598153427091937,117.51504930577883,3.1232528282864087,1
ZTF20aawgrcu,381.0557754000183,310.65092602734376,76.78176430078125,52.78444896425104,2.675604845131092,117.71351889423546,2.821141900705559,1
ZTF20aawgrcu,384.0356828002259,310.65092602734376,76.78176430078125,55.819112115677854,2.4800541643516345,109.53549635863503,0.7086543866867573,1
ZTF20aawgrcu,384.05814810004085,310.65092602734376,76.78176430078125,56.487514006546384,2.1689785703094016,121.67919654419569,3.21917927079874,1
ZTF20aawgrcu,390.0601850999519,310.65092602734376,76.78176430078125,59.21143065228533,3.4735811614993075,120.62184874796158,4.3519988136379135,1
ZTF20aawgrcu,393.033680499997,310.65092602734376,76.78176430078125,48.5152886169639,6.010337821020882,123.34917412361477,6.3844976842241525,1
ZTF20aawgrcu,394.94663190003484,310.65092602734376,76.78176430078125,54.28424847636195,10.673893754616344,126.48853054681005,6.757980722483902,1
ZTF20aawgrcu,397.9315046002157,310.65092602734376,76.78176430078125,55.5727688333074,8.557846824266065,109.031276421763,5.324186741662052,1
ZTF20aawgrcu,398.0078472001478,310.65092602734376,76.78176430078125,59.93606444118235,6.131106360139374,110.96819133722197,3.3665690453227715,1
ZTF20aawgrcu,399.9742475999519,310.65092602734376,76.78176430078125,55.28524302260444,5.145054786152521,109.6405566258235,4.26069281153871,1
ZTF20aawgrcu,400.03396990010515,310.65092602734376,76.78176430078125,55.589345609115576,3.8445832658902166,114.65513860784353,3.3349362684838115,1
ZTF20aawgrcu,401.9659200999886,310.65092602734376,76.78176430078125,59.0067335194967,3.0871708530847703,113.67990729594646,3.226606544970176,1
ZTF20aawgrcu,404.0257522999309,310.65092602734376,76.78176430078125,58.81179204697439,3.2151030354340637,108.49052571646968,2.9775483242695406,1
ZTF20aawgrcu,404.0583449001424,310.65092602734376,76.78176430078125,56.89714806091435,3.3307349356651836,108.93642569857107,2.870085151071538,1
ZTF20aawgrcu,406.034091349924,310.65092602734376,76.78176430078125,60.28095983313312,2.867512650091211,111.22245885452115,2.706371388751403,1
ZTF20aawgrcu,409.02545135002583,310.65092602734376,76.78176430078125,56.7559911191029,2.6044459483629074,116.10353485518772,2.3803068413271014,1
ZTF20aawgrcu,411.02046869997866,310.65092602734376,76.78176430078125,57.092233556807884,0.47892320114180387,110.06930954047245,3.257472222240156,1
ZTF20aawgrcu,412.9939814498648,310.65092602734376,76.78176430078125,56.85624447660726,2.5667456206309422,116.55962497433553,2.6005166384916865,1
ZTF20aawgrcu,414.96171294990927,310.65092602734376,76.78176430078125,56.887850657812166,3.64826467607661,115.7540545983331,2.83190978709284,1
ZTF20aawgrcu,416.9868402001448,310.65092602734376,76.78176430078125,59.35410897014072,3.545860736863447,105.4359748341912,6.523916587202532,1
ZTF20aawgrcu,419.9528009002097,310.65092602734376,76.78176430078125,57.842671248078126,3.35970503785047,118.16803499193162,3.82741314580296,1
ZTF20aawgrcu,421.9904629001394,310.65092602734376,76.78176430078125,58.45653576755043,3.5598323820481133,111.4922862062825,4.102129612005398,1
ZTF20aawgrcu,422.0361804999411,310.65092602734376,76.78176430078125,61.34737905671479,3.3245612889330918,114.0912172723684,4.7857721168169,1
ZTF20aawgrcu,425.865555500146,310.65092602734376,76.78176430078125,49.78282781212829,9.345440055369103,113.46913298307071,4.735893729247883,1
ZTF20aawgrcu,425.9652546001598,310.65092602734376,76.78176430078125,62.2633057230956,8.505786786222815,114.48596188627367,5.090705496828685,1
ZTF20aawgrcu,427.9258622000925,310.65092602734376,76.78176430078125,62.34754800070771,6.400030009058635,110.56383016346807,5.386240107804094,1
ZTF20aawgrcu,429.96953700017184,310.65092602734376,76.78176430078125,57.277187841688324,4.7229677153635485,113.36597392718562,4.438846513046763,1
ZTF20aawgrcu,430.03667820012197,310.65092602734376,76.78176430078125,57.26313612539186,4.632575434380865,116.61955368596942,3.7800245193248543,1
ZTF20aawgrcu,432.93948490009643,310.65092602734376,76.78176430078125,57.25449054456883,3.1807779789851782,110.78772623024946,3.2067552992896307,1
ZTF20aawgrcu,436.0314466999844,310.65092602734376,76.78176430078125,55.79042939689413,3.388461270123424,106.97857133706749,3.3181692349432033,1
ZTF20aawgrcu,437.92637730017304,310.65092602734376,76.78176430078125,48.63400597371866,3.474176985715506,112.90246287026415,3.2398533938852667,1
ZTF20aawgrcu,439.9473958001472,310.65092602734376,76.78176430078125,56.36068517388141,3.9006104023818016,111.26298151288238,3.1510968063467995,1
ZTF20aawgrcu,440.02894670004025,310.65092602734376,76.78176430078125,56.36068517388141,3.9006104023818016,114.16222339817566,3.136194923891556,1
ZTF20aawgrcu,443.9260879000649,310.65092602734376,76.78176430078125,56.36068517388141,3.9006104023818016,109.48974449814534,3.5241436687903787,1
m,315.16945610009134,18.62180756067416,37.04938818876405,200.60459994665507,3.6249687144993534,424.15680924092413,4.115944290442054,0
ZTF19acazbqm,316.06719909980893,18.62180756067416,37.04938818876405,199.07149054418534,3.4376167982969226,427.39580955973025,3.905001188707775,0
ZTF19acazbqm,316.0797107000835,18.62180756067416,37.04938818876405,203.5475472557459,3.4141281109978894,428.15585938486606,3.6329613781499726,0
ZTF19acazbqm,316.1375347999856,18.62180756067416,37.04938818876405,202.5516005601723,3.1553561784167026,428.48668580375306,3.0465018198657323,0
ZTF19acazbqm,316.1434374996461,18.62180756067416,37.04938818876405,203.2906517878477,3.2952180274798493,427.0563862680169,3.110405065971967,0
ZTF19acazbqm,318.0645138998516,18.62180756067416,37.04938818876405,201.8062149547342,2.703671934009004,426.4066343116814,3.0443379742057144,0
ZTF19acazbqm,319.066030099988,18.62180756067416,37.04938818876405,202.07883236230592,2.816935420587281,425.89985693886587,2.96433279303672,0
ZTF19acazbqm,319.0706712999381,18.62180756067416,37.04938818876405,202.4290674646248,2.923186361186946,426.17455508145366,2.928192279333802,0
ZTF19acazbqm,319.1151620997116,18.62180756067416,37.04938818876405,202.75588191630624,2.9233187415441773,425.4997672528911,3.347469544630328,0
ZTF19acazbqm,319.1671180999838,18.62180756067416,37.04938818876405,204.714989659013,3.571101693759957,423.83629451450946,3.074846762469045,0
ZTF19acazbqm,320.056851899717,18.62180756067416,37.04938818876405,206.24255199764764,2.2705223508794474,425.8956712032476,3.726085961073087,0
ZTF19acazbqm,320.14494219981134,18.62180756067416,37.04938818876405,205.71539894980683,2.5651986214255347,422.7978117893581,3.8389386796131726,0
ZTF19acazbqm,321.06738429982215,18.62180756067416,37.04938818876405,204.371403793898,2.642073763720168,422.60834294456663,2.683281280207922,0
ZTF19acazbqm,322.08027780009434,18.62180756067416,37.04938818876405,202.8432314762257,2.5780308117593824,422.4612350106363,2.6122240860404227,0
ZTF19acazbqm,322.0963888997212,18.62180756067416,37.04938818876405,203.74977040207733,2.249156415997051,426.29401622187527,2.846774056784222,0
ZTF19acazbqm,322.1373263997957,18.62180756067416,37.04938818876405,201.98842532759082,2.234679932699197,427.63909339552123,4.032750558551933,0
ZTF19acazbqm,323.0775347999297,18.62180756067416,37.04938818876405,206.07343384372732,2.843900481155201,426.9938908481617,4.1110736199564055,0
ZTF19acazbqm,323.1778124999255,18.62180756067416,37.04938818876405,202.58737659138265,2.643203710379295,428.6861175395952,4.255443330576133,0
ZTF19acazbqm,324.0804050997831,18.62180756067416,37.04938818876405,204.06678834357865,2.7301535794775416,422.80210545223383,2.320020459161511,0
ZTF19acazbqm,325.0906249997206,18.62180756067416,37.04938818876405,201.27291539500274,2.627012561178701,422.8764999878979,2.3406202404945753,0
ZTF19acazbqm,325.142476900015,18.62180756067416,37.04938818876405,201.3615344792545,2.616109406638581,423.05450283694296,4.115154327936654,0
ZTF19acazbqm,325.17334489990026,18.62180756067416,37.04938818876405,201.65555388416416,2.333662008086874,434.3097964309901,3.2206915649039667,0
ZTF19acazbqm,327.17427089996636,18.62180756067416,37.04938818876405,201.4496602967742,2.4502939863805433,429.1166385092789,2.714078919994683,0
ZTF19acazbqm,328.06679400010034,18.62180756067416,37.04938818876405,202.70798889704534,2.274459672925727,426.8070225133647,2.4734854492779355,0
ZTF19acazbqm,328.0857408000156,18.62180756067416,37.04938818876405,197.4184550890351,2.297858639594879,422.1629235173143,2.542930853380101,0
ZTF19acazbqm,328.1360416999087,18.62180756067416,37.04938818876405,202.71107268962822,2.3243051785395616,420.7699758688086,2.432412942439316,0
ZTF19acazbqm,329.0290856999345,18.62180756067416,37.04938818876405,203.64317336941,2.3142095423943894,424.4500263756438,2.5909184573570703,0
ZTF19acazbqm,329.08966440008953,18.62180756067416,37.04938818876405,199.9343547211351,2.312187652786077,419.85674591994683,2.287578097592516,0
ZTF19acazbqm,329.14215279975906,18.62180756067416,37.04938818876405,204.63762406120304,2.3275048199146493,419.5522002307212,2.3945778664446227,0
ZTF19acazbqm,329.17483799997717,18.62180756067416,37.04938818876405,205.6658360462381,3.4093785289868705,419.44620506444227,2.7375798806410505,0
ZTF19acazbqm,330.09780099987984,18.62180756067416,37.04938818876405,203.6168597191462,3.3061340448822256,418.94251976721233,2.9411115676601196,0
ZTF19acazbqm,330.10701389983296,18.62180756067416,37.04938818876405,204.5601153484497,2.97442973480531,433.88003336873396,3.458043189146342,0
ZTF19acazbqm,330.1334027997218,18.62180756067416,37.04938818876405,203.203349462516,2.541233429793098,433.4803561341044,3.2809262538536723,0
ZTF19acazbqm,330.9998726998456,18.62180756067416,37.04938818876405,201.31155156809987,3.649519459179947,431.5588031896787,3.0501612856239557,0
ZTF19acazbqm,331.047650499735,18.62180756067416,37.04938818876405,203.58422421895563,4.256835352876663,425.0122220998257,2.8544949557928585,0
ZTF19acazbqm,331.99627320002764,18.62180756067416,37.04938818876405,207.54749418848797,4.325839821053664,425.0346980949421,2.752609489188287,0
ZTF19acazbqm,332.0630671996623,18.62180756067416,37.04938818876405,200.29836381474465,2.858738067828891,425.1553286926409,2.8056302457346347,0
ZTF19acazbqm,332.1156134996563,18.62180756067416,37.04938818876405,204.1620485126014,3.236373005695573,425.3795041407655,2.749854645378989,0
ZTF19acazbqm,332.1218749997206,18.62180756067416,37.04938818876405,205.7407103148969,2.924812084435607,434.84168908256754,3.10659955719526,0
ZTF19acazbqm,333.0387384998612,18.62180756067416,37.04938818876405,207.63746330363222,4.293409877154165,428.2848588462344,2.9235031763279418,0
ZTF19acazbqm,333.0915161999874,18.62180756067416,37.04938818876405,203.48824362048455,2.071231203594376,426.4574835587904,2.9323039743725627,0
ZTF19acazbqm,333.11271989997476,18.62180756067416,37.04938818876405,199.76414793760978,5.013316394478838,424.64880154065156,2.8948926876405805,0
ZTF19acazbqm,333.1583102000877,18.62180756067416,37.04938818876405,198.23634237449647,3.0748315612344745,422.81419118047467,2.887263982356896,0
ZTF19acazbqm,333.9950695000589,18.62180756067416,37.04938818876405,198.16628276685407,6.509277787482185,427.1331820204744,2.8345296614958087,0
ZTF19acazbqm,334.1390509996563,18.62180756067416,37.04938818876405,204.58148549415185,6.439178120667022,427.81752654351027,2.489552782738568,0
ZTF19acazbqm,335.01127319969237,18.62180756067416,37.04938818876405,211.61508158687977,6.381367835299763,429.96308068690126,3.7817165637736956,0
ZTF19acazbqm,336.03420139988884,18.62180756067416,37.04938818876405,210.78465012584633,6.422210790549428,431.38509037564046,5.85492711008757,0
ZTF19acazbqm,336.1192823997699,18.62180756067416,37.04938818876405,207.6137705087695,6.582276682861192,430.6402815892968,8.754688989166443,0
ZTF19acazbqm,337.0139351999387,18.62180756067416,37.04938818876405,200.4402054150715,7.391685880704224,428.60741732267354,8.947992278897114,0
ZTF19acazbqm,337.0931945000775,18.62180756067416,37.04938818876405,202.20274202831934,8.50362000124194,425.63172368027983,8.979188759630372,0
ZTF19acazbqm,337.1431249999441,18.62180756067416,37.04938818876405,197.9052116385288,8.931375823274388,423.27461716546156,8.748358139003221,0
ZTF19acazbqm,337.15798609983176,18.62180756067416,37.04938818876405,196.78020894417256,8.327004849255468,422.23471259083107,7.412608826140282,0
ZTF19acazbqm,338.0169560997747,18.62180756067416,37.04938818876405,202.37884693552743,9.606261516897247,421.44397374005354,8.39990116764162,0
ZTF19acazbqm,338.0796064999886,18.62180756067416,37.04938818876405,196.6238596654462,8.703580628626504,419.7989051788801,6.668647786727371,0
ZTF19acazbqm,338.0843055997975,18.62180756067416,37.04938818876405,202.2303658375301,8.21716500504314,423.5753895441201,7.793980667224091,0
ZTF19acazbqm,339.0032985997386,18.62180756067416,37.04938818876405,195.040051049948,8.891408882405191,425.9961592149058,6.453208222544704,0
ZTF19acazbqm,339.14634259976447,18.62180756067416,37.04938818876405,189.5388327886499,7.079430357075515,427.62271129854474,6.481350807014312,0
ZTF19acazbqm,340.0643055997789,18.62180756067416,37.04938818876405,208.21701293593176,7.511477710601792,426.0261018651155,6.469569969401622,0
ZTF19acazbqm,340.06961809983477,18.62180756067416,37.04938818876405,196.6547604474173,7.302613502973223,428.38270960749355,6.472159804981879,0
ZTF19acazbqm,340.1314698997885,18.62180756067416,37.04938818876405,199.99784526988722,3.471764907704093,430.4986248863002,6.509335534563455,0
ZTF19acazbqm,345.07819449994713,18.62180756067416,37.04938818876405,197.56818640141114,6.364125656560163,444.3085817063283,13.461193316366687,0
ZTF19acazbqm,349.0530555997975,18.62180756067416,37.04938818876405,198.18923411232578,6.128394047605671,423.35465509898097,3.6397486740439438,0
ZTF19acazbqm,349.071377299726,18.62180756067416,37.04938818876405,202.7636810604976,3.235685631270017,436.49386602458367,4.506883558264384,0
ZTF19acazbqm,349.1787036997266,18.62180756067416,37.04938818876405,199.12300423863152,5.103737410505739,424.83645939079116,4.151169417634317,0
ZTF19acazbqm,350.03307869983837,18.62180756067416,37.04938818876405,204.486396207666,3.1345430363268316,434.8973602297801,4.1907359371285295,0
ZTF19acazbqm,351.9921643999405,18.62180756067416,37.04938818876405,201.56791613001678,4.214290878339468,436.6993132610633,3.7464151759982935,0
ZTF19acazbqm,352.00494219968095,18.62180756067416,37.04938818876405,197.90880171487188,3.7681722681989784,448.07209244121697,4.2752907392642445,0
ZTF19acazbqm,352.0502084000036,18.62180756067416,37.04938818876405,204.63073651040145,3.542233335107231,450.88507368228517,4.6586611490658125,0
ZTF19acazbqm,352.0804629996419,18.62180756067416,37.04938818876405,206.14584237815097,3.6771286390000397,423.6347971120916,3.52553307588064,0
ZTF19acazbqm,354.0180555996485,18.62180756067416,37.04938818876405,206.39642690962907,2.895845260985817,424.1691734895942,2.6725457443445912,0
ZTF19acazbqm,354.98406249983236,18.62180756067416,37.04938818876405,206.64319609352088,2.3820071422305187,425.3869703660924,3.402718357244808,0
ZTF19acazbqm,355.0213772999123,18.62180756067416,37.04938818876405,205.1257558010994,2.420548145888007,427.3672559071203,2.323830073575347,0
ZTF19acazbqm,355.03592599974945,18.62180756067416,37.04938818876405,205.5504213478345,2.4421226241371943,424.9079844097443,2.25749300668272,0
ZTF19acazbqm,355.9669328997843,18.62180756067416,37.04938818876405,205.2824980150407,2.4062453587447625,427.35460362276683,3.0222514013393407,0
ZTF19acazbqm,356.0612499997951,18.62180756067416,37.04938818876405,205.0316423585263,2.4577459684471514,427.66815668206186,2.660900859342273,0
ZTF19acazbqm,356.99418979976326,18.62180756067416,37.04938818876405,204.4750971546088,2.361979791437884,427.7697241746382,2.722336829204018,0
ZTF19acazbqm,357.07475699996576,18.62180756067416,37.04938818876405,203.8273068498045,2.570694337133005,428.21701143520437,2.6455517472483696,0
ZTF19acazbqm,357.97571759996936,18.62180756067416,37.04938818876405,203.7019894625719,2.5748611115096462,424.4982465749269,3.2642035306144317,0
ZTF19acazbqm,358.02208339981735,18.62180756067416,37.04938818876405,203.66025685075942,2.4564887911554205,427.4328758610612,2.45424775352069,0
ZTF19acazbqm,358.09741899976507,18.62180756067416,37.04938818876405,202.83898621820748,2.6484680037567254,426.6558163146855,2.5981380628905226,0
ZTF19acazbqm,358.9341087997891,18.62180756067416,37.04938818876405,202.80815604481046,2.7489007726581973,426.8741461628132,2.4859471631709003,0
ZTF19acazbqm,359.0143402996473,18.62180756067416,37.04938818876405,200.8880783290475,2.7840579081192853,426.339865434512,2.677532506280385,0
ZTF19acazbqm,359.95489590009674,18.62180756067416,37.04938818876405,200.7484064412947,3.356133945189662,422.0912199257423,2.644535296245489,0
ZTF19acazbqm,360.0312962997705,18.62180756067416,37.04938818876405,200.8766704236526,3.2722579504034974,419.48584580838246,2.462015522776512,0
ZTF19acazbqm,360.9268056000583,18.62180756067416,37.04938818876405,200.89309294515198,2.5248061844524146,428.61526451546484,3.5029446978679353,0
ZTF19acazbqm,361.0124999997206,18.62180756067416,37.04938818876405,201.22925384831157,3.1922181429832484,422.1138984264555,2.5599365279635626,0
ZTF19acazbqm,361.1135300998576,18.62180756067416,37.04938818876405,201.47702517180488,2.2140046894128624,431.4258763995912,6.143617478809919,0
ZTF19acazbqm,361.909490799997,18.62180756067416,37.04938818876405,205.53677486028394,4.49273561281486,430.5863128246709,2.8694408176283566,0
ZTF19acazbqm,362.9316551000811,18.62180756067416,37.04938818876405,197.68611781343,5.3776490091960385,427.6942302742311,3.7951569919452917,0
ZTF19acazbqm,363.96151620009914,18.62180756067416,37.04938818876405,202.9603481467501,5.591009181945377,424.1302260810032,8.017934282453645,0
ZTF19acazbqm,364.9437731998041,18.62180756067416,37.04938818876405,203.5705237708921,9.475434858189663,430.0514260535078,4.47446016098278,0
ZTF19acazbqm,366.00422459980473,18.62180756067416,37.04938818876405,206.83875090143252,9.4959503168385,434.63061791676984,9.821799479496962,0
ZTF19acazbqm,366.0550694996491,18.62180756067416,37.04938818876405,214.21564776439305,9.699532813441792,420.31729903761976,8.364034213529742,0
ZTF19acazbqm,366.95322920009494,18.62180756067416,37.04938818876405,211.68515284017184,9.071438252418918,413.1168933073827,7.830897962188344,0
ZTF19acazbqm,367.98973379982635,18.62180756067416,37.04938818876405,209.00333204163655,9.062238316859666,421.11449001788975,6.155967938587216,0
ZTF19acazbqm,368.05075229983777,18.62180756067416,37.04938818876405,201.07760062477442,7.814697071625156,427.32853226521826,6.326573349536108,0
ZTF19acazbqm,369.00387729983777,18.62180756067416,37.04938818876405,201.19418060029724,6.1609632472325595,434.64970316635845,7.163319206134049,0
ZTF19acazbqm,371.9271875000559,18.62180756067416,37.04938818876405,201.2401323661442,4.3850479703477045,428.8382349196124,4.08780870153564,0
ZTF19acazbqm,371.9814583999105,18.62180756067416,37.04938818876405,201.26336374283284,4.222223084616779,426.8462904773952,4.0585740826365875,0
ZTF19acazbqm,373.9966666996479,18.62180756067416,37.04938818876405,205.54462368450731,4.123766067029127,427.54205435275003,4.076969358057854,0
ZTF19acazbqm,376.9275810997933,18.62180756067416,37.04938818876405,200.38610960860177,2.860338852893125,426.1730768574599,4.07821236120066,0
ZTF19acazbqm,376.973912099842,18.62180756067416,37.04938818876405,200.95421489059603,2.813373911199215,420.8332099540995,4.056217827099505,0
ZTF19acazbqm,378.9728703997098,18.62180756067416,37.04938818876405,202.63325610214642,2.368548974374138,423.72382952418263,2.7948461242151836,0
ZTF19acazbqm,379.0528241000138,18.62180756067416,37.04938818876405,204.1642470345138,2.2896048665964335,423.2551094797803,2.745184232239578,0
ZTF19acazbqm,380.9038426000625,18.62180756067416,37.04938818876405,206.75056052477157,2.9329068389252426,422.74939780653455,2.581524830018818,0
ZTF19acazbqm,382.90749999973923,18.62180756067416,37.04938818876405,205.80119698073034,2.694807600254821,421.84742362486327,2.4609824788965127,0
ZTF19acazbqm,382.9517939998768,18.62180756067416,37.04938818876405,202.57748077735116,2.3697709503649325,425.1341822278487,2.4291297924246287,0
ZTF19acazbqm,385.055787099991,18.62180756067416,37.04938818876405,206.63740346081778,2.599200199215845,422.99816231488984,2.4291347700284143,0
ZTF19acazbqm,386.91033570002764,18.62180756067416,37.04938818876405,206.6388584648112,2.2222152711223506,426.23015485482154,2.3438168289346075,0
ZTF19acazbqm,387.02437500003725,18.62180756067416,37.04938818876405,207.01243669062328,1.932590705153082,427.1558647910749,5.747593071756651,0
ZTF19acazbqm,392.91832179995254,18.62180756067416,37.04938818876405,207.57483139886642,7.179689242767843,434.2414373878261,7.246547576137691,0
ZTF19acazbqm,393.0799074000679,18.62180756067416,37.04938818876405,207.83248374436064,7.26751358153483,432.9479791959867,7.104738655208177,0
ZTF19acazbqm,394.88309030001983,18.62180756067416,37.04938818876405,207.63444455520977,7.295791611340411,429.30739689746247,5.89638143588474,0
ZTF19acazbqm,394.9265972999856,18.62180756067416,37.04938818876405,205.78558418042095,7.863352783387445,420.5120357458788,7.537379764114011,0
ZTF19acazbqm,396.8858797000721,18.62180756067416,37.04938818876405,201.68396634151125,8.10313205408214,411.3432082835842,12.670189488655819,0
ZTF19acazbqm,396.96635419968516,18.62180756067416,37.04938818876405,194.95890570924942,8.213128433130587,422.0894331004507,11.62789464901222,0
ZTF19acazbqm,399.01879630004987,18.62180756067416,37.04938818876405,207.0719810523745,6.6999045842685305,426.05395307890615,11.55996131783236,0
ZTF19acazbqm,399.12328709987924,18.62180756067416,37.04938818876405,215.49178828933097,5.997226367334595,430.3531434902707,9.708226149294534,0
ZTF19acazbqm,400.8669908000156,18.62180756067416,37.04938818876405,220.23258409042714,5.112674275422045,428.4087786116058,6.9403432909388165,0
ZTF19acazbqm,400.8849999997765,18.62180756067416,37.04938818876405,208.66588135697893,4.449014581805881,422.913384537154,4.38216640246815,0
ZTF19acazbqm,406.97101859981194,18.62180756067416,37.04938818876405,209.39274300824866,3.583817888181704,431.1269451514046,4.546555760292731,0
ZTF19acazbqm,407.01278939982876,18.62180756067416,37.04938818876405,207.15694640087978,3.302499939455595,423.60610847356617,3.7536521112002106,0
ZTF19acazbqm,408.9910300998017,18.62180756067416,37.04938818876405,206.63658918985266,3.1228524586359656,422.3192703527321,2.908479248049629,0
ZTF19acazbqm,410.8075347999111,18.62180756067416,37.04938818876405,206.50637925393468,2.9715164783152024,430.9052671743181,2.878881671326708,0
ZTF19acazbqm,410.88900469988585,18.62180756067416,37.04938818876405,202.20847344739542,2.623401297267749,421.90818791197506,3.0168383933884897,0
ZTF19acazbqm,412.80809029983357,18.62180756067416,37.04938818876405,202.4149509793862,2.600536876873745,419.16848927179626,3.2338368203453736,0
ZTF19acazbqm,412.88599539967254,18.62180756067416,37.04938818876405,203.73424192668392,2.5405569319998396,422.7654341178247,3.2034568049894028,0
ZTF19acazbqm,414.8218634999357,18.62180756067416,37.04938818876405,204.20542940014388,2.513286239079662,429.5382891190338,3.193389323951147,0
ZTF19acazbqm,414.90923610003665,18.62180756067416,37.04938818876405,207.3464707621905,2.475310130781255,429.44058499939416,3.9909419186359787,0
ZTF19acazbqm,420.0515624997206,18.62180756067416,37.04938818876405,201.90820395577555,3.7725197260235217,429.5036988741161,3.32569543448957,0
ZTF19acazbqm,421.7790393996984,18.62180756067416,37.04938818876405,203.45537758902435,4.835836142112662,428.7409508511192,4.839723593362158,0
ZTF19acazbqm,421.85576390009373,18.62180756067416,37.04938818876405,204.2786067206839,6.636100513034491,431.86189887862685,4.848700829425031,0
ZTF19acazbqm,423.78173610009253,18.62180756067416,37.04938818876405,198.5875651255166,7.019038528272893,431.9833875916748,8.767518668033134,0
ZTF19acazbqm,423.8587152999826,18.62180756067416,37.04938818876405,197.05491289692807,8.163917992807976,434.4860192529823,7.279907463727573,0
ZTF19acazbqm,425.7749306000769,18.62180756067416,37.04938818876405,200.23922581384053,8.16767839295766,435.85065895661097,7.103123340340229,0
ZTF19acazbqm,425.8562499997206,18.62180756067416,37.04938818876405,204.0211965515632,8.613448630842448,434.8216773957428,5.257450920309259,0
ZTF19acazbqm,427.84216440003365,18.62180756067416,37.04938818876405,204.7585171177172,6.725328112778825,426.7408046027134,5.987367690889885,0
ZTF19acazbqm,427.8869213000871,18.62180756067416,37.04938818876405,204.13183711634687,6.585905991717067,422.35342660745937,5.099547329229972,0
ZTF19acazbqm,429.7996296999045,18.62180756067416,37.04938818876405,203.96972109744183,2.881494018403488,423.2404835896731,4.171952569155065,0
ZTF19acazbqm,429.8202893999405,18.62180756067416,37.04938818876405,200.03073376779284,3.056382950427373,428.8449457045322,4.1145244231633225,0
ZTF19acazbqm,431.82706019980833,18.62180756067416,37.04938818876405,195.61306641513335,3.372765834785459,430.45820764324014,3.9183073427472643,0
ZTF19acazbqm,436.8201272999868,18.62180756067416,37.04938818876405,196.5627824194247,3.457800153521653,431.8201867308962,3.729341029282163,0
ZTF19acazbqm,436.8699073996395,18.62180756067416,37.04938818876405,196.61285974649672,3.529840298737777,431.65600676387294,4.33898705326396,0
ZTF19acazbqm,441.86839119996876,18.62180756067416,37.04938818876405,198.70120848389695,2.9585249568907237,431.3885550354347,4.337836118825337,0
ZTF19acazbqm,441.890937499702,18.62180756067416,37.04938818876405,200.55379946866006,3.2861429080225695,430.621250132091,4.542083198250426,0
ZTF19acazbqm,444.88204859988764,18.62180756067416,37.04938818876405,210.05035014939398,3.490862640724248,431.8292088269026,5.052853437416319,0
ZTF19acazbqm,444.93353009968996,18.62180756067416,37.04938818876405,208.8763981450515,3.667342036125081,431.98071797258257,5.151124427305494,0
ZTF19acazbqm,446.84299769997597,18.62180756067416,37.04938818876405,206.51046335428342,3.6721919765498554,427.3938820926419,4.3078923906936435,0
ZTF19acazbqm,446.8907407997176,18.62180756067416,37.04938818876405,202.81882114954954,4.147918740134629,427.9646546559723,4.606235561674338,0
ZTF19acazbqm,452.8326735999435,18.62180756067416,37.04938818876405,204.2712583602489,4.8178405364224925,429.8049742732794,7.097361931769411,0
ZTF19acazbqm,452.86684029968455,18.62180756067416,37.04938818876405,209.83805077495373,6.894593066908344,425.36822969305786,4.643111709702573,0
ZTF19acazbqm,458.78702550008893,18.62180756067416,37.04938818876405,205.38413284316238,4.268480610877582,423.70045127835266,4.440966313157606,0
ZTF19acazbqm,458.8272569999099,18.62180756067416,37.04938818876405,204.42949906194167,3.9418833805661575,426.13945532220686,4.302827447684996,0
ZTF19acazbqm,460.8298148000613,18.62180756067416,37.04938818876405,205.76737297836033,3.855157956445255,432.0127790702498,3.7764961898622507,0
ZTF19acazbqm,460.88496530009434,18.62180756067416,37.04938818876405,209.08090640484264,3.4094980224878184,430.1036733465528,3.8265116948415523,0
ZTF19acazbqm,462.82840280001983,18.62180756067416,37.04938818876405,192.00696085786993,2.6926731839204727,432.0021734881963,3.9261871749686525,0
ZTF19acazbqm,462.8914235997945,18.62180756067416,37.04938818876405,198.26292485974156,2.7345663270846017,429.02168659977485,4.027142529829123,0
ZTF19acazbqm,464.8713078997098,18.62180756067416,37.04938818876405,193.90116422407277,2.8039017081060895,428.0517927296072,3.607986312275067,0
